time,cpu@tsung_controller@ip-172-31-23-14 
0,2.155200967159631 
10,2.155200967159631 
20,2.155200967159631 
30,2.155200967159631 
40,2.155200967159631 
50,2.155200967159631 
60,2.155200967159631 
70,3.482587064676617 
80,4.6 
90,6.380857427716849 
100,8.49150849150849 
110,8.49150849150849 
120,8.49150849150849 
130,8.49150849150849 
140,8.49150849150849 
150,13.060428849902534 
160,13.060428849902534 
