time,page 
10,86.813588823381 
20,53.21566266291296 
30,37.271613271347526 
40,0 
50,96.94741270554303 
60,98.70539221932997 
70,129.10315039199577 
80,185.8401615826256 
90,301.2997410073458 
100,525.1089083841582 
110,930.9424043114674 
120,1331.1706279582627 
130,1505.9657118526661 
140,2704.962367909546 
150,4322.175557417067 
160,4173.346499944713 
