time,cpu@tsung_controller@ip-172-31-23-14 
0,2.155200967159631 
10,0.10010010010010009 
20,0.10010010010010009 
30,0.10010010010010009 
40,0.10010010010010009 
50,0.10010010010010009 
60,0.10010010010010009 
70,0.10010010010010009 
80,0.10010010010010009 
90,0.10010010010010009 
100,0.10010010010010009 
110,0.10010010010010009 
120,0.10010010010010009 
130,0.10010010010010009 
140,0.10010010010010009 
150,0.10010010010010009 
160,0.10010010010010009 
