time,size_sent,size_rcv 
10,215.96484375,33.7203125 
20,123.0546875,305.446875 
30,11.4796875,175.60390625 
40,0,0 
50,543.84453125,136.3046875 
60,797.95703125,897.4359375 
70,1372.60859375,1516.2640625 
80,2256.44765625,1936.309375 
90,2526.58828125,3025.30625 
100,2404.7078125,2462.02265625 
110,4208.94921875,2298.73203125 
120,2934.88125,2193.08125 
130,3789.80078125,2240.59296875 
140,3486.4703125,1823.6359375 
150,2256.3359375,1909.4 
160,4255.38984375,2417.1703125 
