time,load@tsung_controller@ip-172-31-23-14 
0,0.0 
10,0.0 
20,0.0703125 
30,0.140625 
40,0.19140625 
50,0.23046875 
60,0.23046875 
70,0.23046875 
80,0.23046875 
90,0.23046875 
100,0.23046875 
110,0.23046875 
120,0.23046875 
130,0.23046875 
140,0.23046875 
150,0.23046875 
160,0.23046875 
