time,load@tsung_controller@ip-172-31-23-14 
0,0.0 
10,0.0 
20,0.0703125 
30,0.140625 
40,0.19140625 
50,0.23046875 
60,0.19921875 
70,0.171875 
80,0.140625 
90,0.12109375 
100,0.1015625 
110,0.078125 
120,0.0703125 
130,0.2109375 
140,0.1796875 
150,0.1484375 
160,0.12890625 
