time,session 
30,19301.778 
40,0 
50,0 
60,0 
70,15973.496249999998 
80,20911.529 
90,19551.981666666667 
100,21511.1062 
110,29142.437142857143 
120,36298.396250000005 
130,43734.3686 
140,6821.5892894736835 
150,11236.497095238095 
160,23996.245135135134 
