time,freemem@tsung_controller@ip-172-31-23-14 
0,3516.8125 
10,3518.54296875 
20,3518.54296875 
30,3518.54296875 
40,3518.54296875 
50,3518.54296875 
60,3518.54296875 
70,3518.54296875 
80,3518.54296875 
90,3518.54296875 
100,3518.54296875 
110,3518.54296875 
120,3518.54296875 
130,3518.54296875 
140,3518.54296875 
150,3518.54296875 
160,3518.54296875 
