time,freemem@tsung_controller@ip-172-31-23-14 
0,3516.8125 
10,3518.54296875 
20,3516.20703125 
30,3512.81640625 
40,3514.015625 
50,3515.390625 
60,3513.09765625 
70,3507.05078125 
80,3503.7890625 
90,3488.90625 
100,3487.09765625 
110,3476.5703125 
120,3468.83203125 
130,3451.94921875 
140,3433.05859375 
150,3412.33203125 
160,3403.95703125 
