time,page 
10,97.7527777777778 
20,72.8027037037037 
30,63.819533333333325 
40,0 
50,82.40363333333333 
60,87.73626041666675 
70,110.07952469135815 
80,167.8577889908257 
90,306.83469375000027 
100,505.9953519163764 
110,1322.0879202657802 
120,2342.1984486691995 
130,3460.330160535118 
140,3644.8121891117476 
150,4419.5485524475525 
160,5614.334317010299 
