time,session 
30,2575.217552969586 
40,0 
50,0 
60,0 
70,3724.299704752484 
80,6420.592477515053 
90,2312.547385168812 
100,5602.186856762445 
110,4237.29348335206 
120,4142.17207292378 
130,4457.315595341688 
140,11386.565409285453 
150,17350.099457101554 
160,26146.821421151522 
