time,cpu@tsung_controller@ip-172-31-23-14 
0,2.155200967159631 
10,0.10010010010010009 
20,0.5005005005005005 
30,1.3958125623130608 
40,0.5 
50,0.3003003003003003 
60,1.1976047904191618 
70,3.482587064676617 
80,4.6 
90,6.380857427716849 
100,8.49150849150849 
110,6.879361914257228 
120,7.829534192269574 
130,7.36318407960199 
140,7.944389275074479 
150,13.060428849902534 
160,12.6232741617357 
