time,size_sent,size_rcv 
0,434.34921875,84.53046875 
10,1636.4890625,1089.91875 
20,2631.11640625,3069.82578125 
30,3197.39140625,5141.53671875 
40,3346.559375,6454.35390625 
50,4451.096875,7873.58046875 
60,4812.928125,9028.45859375 
