time,freemem@tsung_controller@ip-172-31-17-130 
0,3522.5703125 
10,3522.5703125 
20,3522.5703125 
30,3522.5703125 
40,3522.5703125 
50,3522.5703125 
60,3522.5703125 
