time,cpu@tsung_controller@ip-172-31-17-130 
0,1.0004780249135337 
10,1.0004780249135337 
20,1.0004780249135337 
30,1.0004780249135337 
40,1.0004780249135337 
50,1.0004780249135337 
60,1.0004780249135337 
