time,freemem@tsung_controller@ip-172-31-17-130 
0,3522.5703125 
10,3518.34765625 
20,3502.73828125 
30,3495.5703125 
40,3480.8125 
50,3472.17578125 
60,3458.9765625 
