time,connect,request 
0,8.201648736687034,239.24133277162764 
10,1.5676824325046426,1117.5110062838803 
20,1.6829936822148206,1663.1100173467303 
30,0.13911859823546238,1248.7402753614235 
40,1.9481271801399416,2320.3982320516006 
50,0.9639801848974904,2308.7569053743905 
60,2.263426781867485,2463.2852195848654 
