time,session 
40,2178.491760798857 
50,1438.1578439597267 
60,1275.4303207176033 
