time,load@tsung_controller@ip-172-31-17-130 
0,0.0 
10,0.0 
20,0.0 
30,0.078125 
40,0.0703125 
50,0.05859375 
60,0.05078125 
