time,size_sent,size_rcv 
0,434.34921875,84.53046875 
10,1202.13984375,1005.38828125 
20,994.62734375,1979.90703125 
30,566.275,2071.7109375 
40,149.16796875,1312.8171875 
50,1104.5375,1419.2265625 
60,361.83125,1154.878125 
