time,page 
0,195.77047619047616 
10,925.6727571428574 
20,2057.0636190476193 
30,3409.5944999999983 
40,4612.998279411767 
50,6446.646746666671 
60,9387.605371794873 
