time,session 
40,9836.537 
50,11491.843333333332 
60,20022.361166666666 
