time,page 
0,239.24133277162764 
10,1222.408729245342 
20,1921.5552806092307 
30,2021.465770793319 
40,3020.7418285420476 
50,3496.3028799179056 
60,4242.2106178808 
