time,cpu@tsung_controller@ip-172-31-17-130 
0,1.0004780249135337 
10,1.0999999999999999 
20,3.090727816550349 
30,4.9800796812749 
40,4.9800796812749 
50,4.9800796812749 
60,5.273631840796019 
