time,connect,request 
0,4.184,195.77047619047616 
10,2.0079285714285717,844.3493461538463 
20,2.0313749999999997,1965.303561643836 
30,1.113375,2735.4197538461535 
40,2.0197,4394.292137500002 
50,1.351375,6111.700897727272 
60,2.1271249999999995,8278.878237499997 
