time,cpu@tsung_controller@ip-172-31-23-181 
0,0.5658385993182395 
10,0.10010010010010009 
20,0.5994005994005994 
30,0.3996003996003996 
40,0.1 
50,1.998001998001998 
