time,size_sent,size_rcv 
10,109.4953125,46.93828125 
20,3.61171875,74.34609375 
30,2.78046875,42.27734375 
40,0,0 
50,1307.890625,427.48046875 
