time,freemem@tsung_controller@ip-172-31-23-181 
0,3503.4375 
10,3506.359375 
20,3505.11328125 
30,3505.0 
40,3505.015625 
50,3504.3046875 
