time,freemem@tsung_controller@ip-172-31-23-181 
0,3503.4375 
10,3506.359375 
20,3506.359375 
30,3506.359375 
40,3506.359375 
50,3506.359375 
