time,cpu@tsung_controller@ip-172-31-23-181 
0,0.5658385993182395 
10,0.10010010010010009 
20,0.10010010010010009 
30,0.10010010010010009 
40,0.1 
50,0.1 
