time,page 
10,181.3961167937085 
20,91.1023192504206 
30,47.176049709439425 
40,0 
50,94.82444256811938 
