time,load@tsung_controller@ip-172-31-23-181 
0,0.01953125 
10,0.01171875 
20,0.01171875 
30,0.01171875 
40,0.01171875 
50,0.01171875 
