time,page 
10,136.67714285714285 
20,104.15616666666666 
30,56.90075 
40,0 
50,84.5274736842105 
