time,connect,request 
10,0.0,173.0302972774927 
20,0,64.238891321647 
30,0,36.8544485348181 
40,0,0 
50,0.3655638931842148,92.2110760869228 
