time,size_sent,size_rcv 
10,109.4953125,46.93828125 
20,113.10703125,121.284375 
30,115.8875,163.56171875 
40,115.8875,163.56171875 
50,1423.778125,591.0421875 
