time,load@tsung_controller@ip-172-31-23-181 
0,0.01953125 
10,0.01953125 
20,0.01953125 
30,0.01953125 
40,0.01953125 
50,0.01953125 
