time,connect,request 
10,9.992,119.58375 
20,0,78.098625 
30,0,37.903166666666664 
40,0,0 
50,1.5857999999999999,78.66019512195122 
