time,freemem@tsung_controller@ip-172-31-23-181 
0,3506.01171875 
10,3508.5546875 
20,3507.35546875 
30,3505.91796875 
40,3505.30078125 
50,3505.3125 
60,3498.30859375 
70,3488.390625 
80,3492.9921875 
90,3494.45703125 
100,3496.40234375 
