time,size_sent,size_rcv 
10,107.68515625,8.3765625 
20,224.11640625,188.7015625 
30,17.3984375,308.465625 
40,1.6375,6.77421875 
50,1310.990625,480.78984375 
60,1379.52734375,1814.09765625 
70,740.42265625,1877.1203125 
80,41.7984375,617.7765625 
90,10.8203125,170.775 
100,2.121875,9.8640625 
100,0,0 
