time,page 
10,98.14146251043694 
20,67.15369677382249 
30,31.167423372386754 
40,112.80063749228843 
50,94.08821094855654 
60,66.40457929671062 
70,48.30181735200866 
80,33.62384205923311 
90,32.418451565873546 
100,8.7875 
100,0 
