time,connect,request 
10,18.953,77.43475000000001 
20,1.0975,45.236740740740736 
30,0,38.29611428571427 
40,1.3215,86.714 
50,1.2885714285714283,67.89058426966297 
60,1.2465384615384614,49.763484848484815 
70,1.209,41.15618584070798 
80,0,31.29325882352942 
90,0,33.73495454545455 
100,0,10.918 
100,0,0 
