time,session 
20,0 
30,1737.7695000000003 
40,0 
50,0 
60,3667.759251633507 
70,4342.115368769247 
80,3699.60777212267 
90,1995.1395000000011 
100,811.1500000000015 
100,0 
