time,freemem@tsung_controller@ip-172-31-23-181 
0,3506.01171875 
10,3506.01171875 
20,3506.01171875 
30,3505.91796875 
40,3505.30078125 
50,3505.30078125 
60,3498.30859375 
70,3488.390625 
80,3488.390625 
90,3488.390625 
100,3488.390625 
