time,size_sent,size_rcv 
10,107.68515625,8.3765625 
20,331.8015625,197.078125 
30,349.2,505.54375 
40,350.8375,512.31796875 
50,1661.828125,993.1078125 
60,3041.35546875,2807.20546875 
70,3781.778125,4684.32578125 
80,3823.5765625,5302.10234375 
90,3834.396875,5472.87734375 
100,3836.51875,5482.74140625 
100,3836.51875,5482.74140625 
