time,cpu@tsung_controller@ip-172-31-23-181 
0,0.4440438110962662 
10,0.1 
20,0.39920159680638717 
30,0.8016032064128256 
40,0.501002004008016 
50,0.39920159680638717 
60,2.7 
70,6.653426017874876 
80,5.4945054945054945 
90,1.0040160642570282 
100,0.5 
