time,session 
20,14239.75 
30,10930.9175 
40,0 
50,0 
60,12379.892749999999 
70,19496.016099999997 
80,19631.758833333337 
90,27789.3655 
100,34915.034 
100,0 
