time,connect,request 
10,0.0,98.14146251043694 
20,0.056499999999999995,62.18953508702403 
30,0,24.78145850748836 
40,0.07849999999999985,112.80063749228843 
50,0.14517905903977155,91.11308674460842 
60,0.2408403925311454,60.07010623360371 
70,0.0,41.557158292051156 
80,0,26.384447617378445 
90,0,25.637100150646866 
100,0,5.235074975585355 
100,0,0 
