time,freemem@tsung_controller@ip-172-31-23-181 
0,3506.01171875 
10,3508.5546875 
20,3508.5546875 
30,3508.5546875 
40,3508.5546875 
50,3508.5546875 
60,3508.5546875 
70,3508.5546875 
80,3508.5546875 
90,3508.5546875 
100,3508.5546875 
