time,cpu@tsung_controller@ip-172-31-23-181 
0,0.4440438110962662 
10,0.4440438110962662 
20,0.4440438110962662 
30,0.8016032064128256 
40,0.8016032064128256 
50,0.8016032064128256 
60,2.7 
70,6.653426017874876 
80,6.653426017874876 
90,6.653426017874876 
100,6.653426017874876 
