time,page 
10,77.43475000000001 
20,55.53913636363638 
30,53.64108000000001 
40,86.714 
50,74.60213580246912 
60,62.366554347826096 
70,55.443928571428614 
80,46.98701754385966 
90,49.50893333333335 
100,21.930500000000002 
100,0 
