time,load@tsung_controller@ip-172-31-23-14 
0,0.03125 
10,0.03125 
20,0.03125 
