time,page 
10,93.35134275499202 
20,101.743244048278 
