time,cpu@tsung_controller@ip-172-31-23-14 
0,1.8826740965928 
10,1.8826740965928 
20,1.8826740965928 
