time,connect,request 
10,17.945999999999998,126.54220000000001 
20,0,120.82325 
