time,freemem@tsung_controller@ip-172-31-23-14 
0,3517.61328125 
10,3517.61328125 
20,3517.61328125 
