time,connect,request 
10,16.594,93.35134275499202 
20,0,75.91869683212101 
