time,size_sent,size_rcv 
10,108.51484375,10.76171875 
20,113.2703125,140.009375 
