time,page 
10,126.54220000000001 
20,148.73161538461534 
