time,size_sent,size_rcv 
10,108.51484375,10.76171875 
20,221.78515625,150.77109375 
