time,cpu@tsung_controller@ip-172-31-23-14 
0,1.8826740965928 
10,0.1 
20,0.8991008991008992 
