time,cpu@tsung_controller@ip-172-31-23-181 
0,0.4253358798502724 
10,0.40040040040040037 
20,0.1998001998001998 
30,0.9970089730807578 
40,0.2004008016032064 
50,2.1847070506454815 
60,1.6016016016016015 
70,3.2064128256513023 
80,3.4965034965034967 
