time,connect,request 
0,0.0,7.48941067255777 
10,0.0,2.5088770839206576 
20,0,0 
30,0,0 
40,0.0,43.5485 
50,0,35.00600884610145 
60,4.528356404745,75.68852598584935 
70,0.8625347819073732,63.077163051508684 
80,0.0,31.610928722802697 
