time,freemem@tsung_controller@ip-172-31-23-181 
0,3505.40234375 
10,3506.4140625 
20,3506.42578125 
30,3506.42578125 
40,3506.42578125 
50,3506.42578125 
60,3506.42578125 
70,3506.42578125 
80,3506.42578125 
