time,cpu@tsung_controller@ip-172-31-23-181 
0,0.4253358798502724 
10,0.40040040040040037 
20,0.1998001998001998 
30,0.1998001998001998 
40,0.1998001998001998 
50,0.1998001998001998 
60,0.1998001998001998 
70,0.1998001998001998 
80,0.1998001998001998 
