time,size_sent,size_rcv 
0,1.22109375,3.50234375 
10,1.21796875,4.18671875 
20,0,0 
30,0,0 
40,0.8203125,3.86171875 
50,108.66796875,42.3671875 
60,778.36953125,511.3078125 
70,1122.2984375,1018.8953125 
80,398.70859375,1422.1703125 
