time,session 
0,0 
10,0.0 
20,0 
30,0 
40,0 
50,0 
60,0.0 
70,2552.0694999999996 
80,3351.8761682578333 
