time,size_sent,size_rcv 
0,1.22109375,3.50234375 
10,2.4390625,7.6890625 
20,2.4390625,7.6890625 
30,2.4390625,7.6890625 
40,3.259375,11.55078125 
50,111.92734375,53.91796875 
60,890.296875,565.22578125 
70,2012.5953125,1584.12109375 
80,2411.30390625,3006.29140625 
