time,cpu@tsung_controller@ip-172-31-23-181 
0,0.4253358798502724 
10,0.4253358798502724 
20,0.4253358798502724 
30,0.9970089730807578 
40,0.9970089730807578 
50,2.1847070506454815 
60,2.1847070506454815 
70,3.2064128256513023 
80,3.4965034965034967 
