time,connect,request 
0,14.143,13.505333333333335 
10,1.217,4.477333333333333 
20,0,0 
30,0,0 
40,1.344,289.65250000000003 
50,0,44.38899999999999 
60,2.8292222222222225,57.325746835443056 
70,1.7105000000000001,51.8385925925926 
80,1.246,37.422821428571424 
