time,page 
0,7.48941067255777 
10,2.5088770839206576 
20,0 
30,0 
40,43.5485 
50,38.500048012437595 
60,80.49589716774562 
70,68.14302427051607 
80,37.934845659331515 
