time,freemem@tsung_controller@ip-172-31-23-181 
0,3505.40234375 
10,3506.4140625 
20,3506.42578125 
30,3505.8515625 
40,3505.640625 
50,3505.28515625 
60,3504.48046875 
70,3499.76171875 
80,3493.58203125 
