time,page 
0,13.505333333333335 
10,4.477333333333333 
20,0 
30,0 
40,289.65250000000003 
50,53.2808 
60,67.60441791044776 
70,62.49700000000001 
80,51.14560975609758 
