time,connect,request 
0,5.3438,264.5056111111111 
10,1.6701666666666668,152.013375 
20,1.6188571428571428,301.09475 
30,1.6416111111111114,438.25288059701495 
40,1.7084285714285716,939.4194301075264 
50,1.6867500000000004,582.6456506024094 
60,2.5561052631578947,1736.4495945945955 
70,20.65116666666667,5067.525767676769 
80,2.096787878787879,6483.097999999998 
90,2.0739142857142854,7875.004276190475 
100,1.8776973684210527,5372.437623711335 
