time,freemem@tsung_controller@ip-172-31-16-176 
0,3522.69140625 
10,3519.76171875 
20,3518.90234375 
30,3514.7734375 
40,3513.34765625 
50,3507.18359375 
60,3508.88671875 
70,3507.203125 
80,3496.57421875 
90,3488.60546875 
100,3487.8046875 
