time,freemem@tsung_controller@ip-172-31-16-176 
0,3522.69140625 
10,3522.69140625 
20,3522.69140625 
30,3522.69140625 
40,3522.69140625 
50,3522.69140625 
60,3522.69140625 
70,3522.69140625 
80,3522.69140625 
90,3522.69140625 
100,3522.69140625 
