time,cpu@tsung_controller@ip-172-31-16-176 
0,2.4024706796263664 
10,2.4024706796263664 
20,2.4024706796263664 
30,4.079601990049751 
40,4.079601990049751 
50,4.079601990049751 
60,4.079601990049751 
70,4.079601990049751 
80,4.079601990049751 
90,4.079601990049751 
100,4.124748490945674 
