time,size_sent,size_rcv 
0,18.23046875,130.465625 
10,22.00546875,191.57265625 
20,34.3890625,265.2640625 
30,35.9265625,240.2140625 
40,50.1421875,553.190625 
50,49.11328125,493.915625 
60,46.7140625,206.67890625 
70,56.31171875,223.14453125 
80,70.2453125,473.23515625 
90,61.71484375,361.86953125 
100,102.55703125,478.9734375 
