time,cpu@tsung_controller@ip-172-31-16-176 
0,2.4024706796263664 
10,1.5015015015015014 
20,0.9027081243731194 
30,4.079601990049751 
40,2.4024024024024024 
50,2.7 
60,2.206619859578736 
70,1.7051153460381143 
80,3.187250996015936 
90,3.006012024048096 
100,4.124748490945674 
