time,load@tsung_controller@ip-172-31-16-176 
0,0.25 
10,0.2109375 
20,0.171875 
30,0.1484375 
40,0.12109375 
50,0.1015625 
60,0.08984375 
70,0.0703125 
80,0.05859375 
90,0.05078125 
100,0.0390625 
