time,session 
0,1629.4323415636363 
10,2881.4870191484883 
20,5163.285317829709 
30,3740.764327588339 
40,1592.670688163367 
50,2984.779386765853 
60,3988.406997196106 
70,1733.3186433295214 
80,3262.5378760109093 
90,4081.2972451465293 
100,17335.580865501586 
