time,session 
0,4144.709666666667 
10,6360.306818181818 
20,6926.0234 
30,9021.62225 
40,9573.688599999998 
50,9659.111428571428 
60,13637.727125000001 
70,19839.92425 
80,27943.806384615382 
90,31940.828357142862 
100,14457.25890322581 
