time,page 
0,393.37593203443424 
10,183.12954265364823 
20,391.2200640672475 
30,401.8382066319475 
40,1053.349432526909 
50,534.8742233820852 
60,1643.9630124672028 
70,3117.571079484427 
80,2551.3462436818977 
90,2526.3986749134147 
100,4549.869284145044 
