time,size_sent,size_rcv 
0,18.23046875,130.465625 
10,40.2359375,322.03828125 
20,74.625,587.30234375 
30,110.5515625,827.51640625 
40,160.69375,1380.70703125 
50,209.80703125,1874.62265625 
60,256.52109375,2081.3015625 
70,312.8328125,2304.44609375 
80,383.078125,2777.68125 
90,444.79296875,3139.55078125 
100,547.35,3618.52421875 
