time,page 
0,264.5056111111111 
10,152.013375 
20,301.09475 
30,438.25288059701495 
40,939.4194301075264 
50,582.6456506024094 
60,1736.4495945945955 
70,5067.525767676769 
80,6483.097999999998 
90,7875.004276190475 
100,5372.437623711335 
