time,connect,request 
0,10.65877233831364,393.37593203443424 
10,0.04300161495675352,183.12954265364823 
20,0.1907263773587916,391.2200640672475 
30,0.36986981777209865,401.8382066319475 
40,0.40651100511414384,1053.349432526909 
50,0.3928822819878749,534.8742233820852 
60,3.5854435957623645,1643.9630124672028 
70,66.1921871906597,3117.571079484427 
80,1.5967743385769713,2551.3462436818977 
90,3.2517290158703354,2526.3986749134147 
100,2.9800574041615944,4549.869284145044 
