time,cpu@tsung_controller@ip-172-31-16-176 
0,2.4024706796263664 
10,1.5015015015015014 
20,0.9027081243731194 
30,0.9027081243731194 
40,0.9027081243731194 
50,0.9027081243731194 
60,0.9027081243731194 
70,0.9027081243731194 
80,0.9027081243731194 
90,0.9027081243731194 
100,0.9027081243731194 
