time,session 
0,0 
10,2612.5109756024203 
20,3262.754771732337 
