time,connect,request 
0,8.061851892555456,149.7624888749182 
10,0.13735975567588504,250.78950092209618 
20,1.0418486509902711,350.6841322504847 
