time,page 
0,104.9533 
10,184.11464912280698 
20,380.8049770114943 
