time,page 
0,149.7624888749182 
10,250.78950092209618 
20,350.6841322504847 
