time,connect,request 
0,4.879250000000001,104.9533 
10,1.2454545454545458,184.11464912280698 
20,1.4715454545454547,380.8049770114943 
