time,freemem@tsung_controller@ip-172-31-17-130 
0,3522.82421875 
10,3522.82421875 
20,3522.82421875 
