time,size_sent,size_rcv 
0,650.2,62.86640625 
10,1629.5828125,253.4859375 
20,3259.46640625,952.4 
