time,freemem@tsung_controller@ip-172-31-17-130 
0,3522.82421875 
10,3521.1953125 
20,3516.25390625 
