time,size_sent,size_rcv 
0,650.2,62.86640625 
10,979.3828125,190.61953125 
20,1629.88359375,698.9140625 
