time,cpu@tsung_controller@ip-172-31-17-130 
0,1.3736539962366956 
10,1.5888778550148956 
20,4.780876494023905 
