time,cpu@tsung_controller@ip-172-31-17-130 
0,1.3736539962366956 
10,1.3736539962366956 
20,1.3736539962366956 
