time,session 
0,6226.541 
10,6727.202874999999 
20,7195.298529411763 
