time,load@tsung_controller@ip-172-31-23-14 
0,0.01953125 
10,0.01171875 
20,0.078125 
30,0.0703125 
40,0.05859375 
50,0.05078125 
60,0.0390625 
70,0.0390625 
80,0.03125 
90,0.01953125 
100,0.01953125 
110,0.01953125 
120,0.08984375 
130,0.0703125 
