time,load@tsung_controller@ip-172-31-23-14 
0,0.01953125 
10,0.01953125 
20,0.078125 
30,0.078125 
40,0.078125 
50,0.078125 
60,0.078125 
70,0.078125 
80,0.078125 
90,0.078125 
100,0.078125 
110,0.078125 
120,0.08984375 
130,0.08984375 
