time,cpu@tsung_controller@ip-172-31-23-14 
0,2.8332832142573214 
10,5.205205205205205 
20,5.205205205205205 
30,5.205205205205205 
40,5.205205205205205 
50,5.205205205205205 
60,5.205205205205205 
70,5.205205205205205 
80,5.533199195171027 
90,7.777777777777778 
100,7.777777777777778 
110,10.832497492477431 
120,12.43680485338726 
130,13.824419778002017 
