time,session 
20,0 
30,0 
40,0 
50,8269.796691028907 
60,1986.3864232512658 
70,6983.012285468479 
80,5145.229742052449 
90,3912.8982326524147 
100,6444.139987661664 
110,7583.197387646429 
120,6681.769472624444 
130,6538.802126094349 
