time,freemem@tsung_controller@ip-172-31-23-14 
0,3518.046875 
10,3515.390625 
20,3512.80078125 
30,3512.80078125 
40,3512.80078125 
50,3509.91015625 
60,3502.6328125 
70,3494.18359375 
80,3488.2578125 
90,3483.66796875 
100,3482.828125 
110,3474.84375 
120,3466.984375 
130,3463.0 
