time,session 
20,17396.779 
30,0 
40,0 
50,17531.496 
60,18126.600200000004 
70,23099.514545454545 
80,21127.520333333334 
90,18931.93004347826 
100,20089.754764705882 
110,20630.440240000004 
120,20310.792300000005 
130,21152.470599999993 
