time,size_sent,size_rcv 
0,0.8375,3.87890625 
10,111.41953125,100.21015625 
20,5.42265625,71.69140625 
30,217.66875,85.20078125 
40,663.91171875,368.3296875 
50,1012.81328125,880.4890625 
60,1048.7390625,1598.14296875 
70,2262.6140625,1993.6890625 
80,2629.02578125,3027.2875 
90,1917.15546875,3565.08359375 
100,4380.9296875,3463.33203125 
110,3103.1484375,5540.159375 
120,5010.44375,5041.75234375 
130,7380.7015625,7318.4578125 
