time,cpu@tsung_controller@ip-172-31-23-14 
0,2.8332832142573214 
10,2.8332832142573214 
20,2.8332832142573214 
30,2.8332832142573214 
40,2.1021021021021022 
50,1.3039117352056169 
60,1.3039117352056169 
70,1.3039117352056169 
80,1.3039117352056169 
90,1.3039117352056169 
100,1.3039117352056169 
110,1.3039117352056169 
120,1.3039117352056169 
130,1.3039117352056169 
