time,size_sent,size_rcv 
0,0.8375,3.87890625 
10,112.25703125,104.0890625 
20,117.6796875,175.78046875 
30,335.3484375,260.98125 
40,999.26015625,629.3109375 
50,2012.0734375,1509.8 
60,3060.8125,3107.94296875 
70,5323.4265625,5101.63203125 
80,7952.45234375,8128.91953125 
90,9869.6078125,11694.003125 
100,14250.5375,15157.33515625 
110,17353.6859375,20697.49453125 
120,22364.1296875,25739.246875 
130,29744.83125,33057.7046875 
