time,page 
0,213.279 
10,128.30333333333337 
20,78.89512500000001 
30,62.733 
40,80.20466037735852 
50,69.24408080808087 
60,65.76951655629135 
70,72.68710548523202 
80,71.41524999999997 
90,70.76255752212386 
100,80.91589786223277 
110,78.53537777777787 
120,80.78223835125443 
130,101.88567279411758 
