time,page 
0,117.252 
10,55.68873703601714 
20,75.19519977438304 
30,68.0218144327779 
40,86.09494105553678 
50,68.52322295422097 
60,56.21550391480468 
70,76.4871303926757 
80,68.06701651357504 
90,60.14534571310367 
100,87.29353256705049 
110,70.25680948872548 
120,83.07426852052909 
130,111.39107049281965 
