time,cpu@tsung_controller@ip-172-31-23-14 
0,2.8332832142573214 
10,5.205205205205205 
20,4.809619238476954 
30,4.509018036072145 
40,2.1021021021021022 
50,1.3039117352056169 
60,3.003003003003003 
70,4.225352112676056 
80,5.533199195171027 
90,7.777777777777778 
100,7.381193124368049 
110,10.832497492477431 
120,12.43680485338726 
130,13.824419778002017 
