time,freemem@tsung_controller@ip-172-31-23-14 
0,3518.046875 
10,3518.046875 
20,3518.046875 
30,3518.046875 
40,3518.046875 
50,3518.046875 
60,3518.046875 
70,3518.046875 
80,3518.046875 
90,3518.046875 
100,3518.046875 
110,3518.046875 
120,3518.046875 
130,3518.046875 
